treated,Pre,Post,Within-group change (Post - Pre)
Control (non-CBD),6.986616280900646,6.40220700152207,-0.5844092793785753
Treated (CBD),67.73775143678161,62.15808712121212,-5.579664315569488
